{"content":[],"settings":{"template":"default","system_colors":[{"_id":"primary","title":"Blue","color":"#3E7B92"},{"_id":"secondary","title":"Black","color":"#2A2F36"},{"_id":"text","title":"Gray","color":"#EBEBEB"},{"_id":"accent","title":"White","color":"#FFFFFF"}],"custom_colors":[],"system_typography":[{"_id":"primary","title":"H1","typography_typography":"custom","typography_font_family":"Helvetica","typography_font_weight":"400","typography_font_size":{"unit":"px","size":32,"sizes":[]},"typography_line_height":{"unit":"px","size":44,"sizes":[]}},{"_id":"secondary","title":"H2","typography_typography":"custom","typography_font_family":"Helvetica","typography_font_weight":"400","typography_font_size":{"unit":"px","size":24,"sizes":[]},"typography_line_height":{"unit":"px","size":32,"sizes":[]}},{"_id":"text","title":"Text","typography_typography":"custom","typography_font_family":"Helvetica","typography_font_weight":"400","typography_font_size":{"unit":"px","size":16,"sizes":[]}},{"_id":"accent","title":"Accent","typography_typography":"custom","typography_font_family":"Helvetica","typography_font_weight":"400","typography_font_size":{"unit":"px","size":16,"sizes":[]}}],"custom_typography":[{"_id":"3ae4b65","title":"H3","typography_typography":"custom","typography_font_family":"Helvetica","typography_font_size":{"unit":"px","size":16,"sizes":[]},"typography_font_weight":"400"}],"default_generic_fonts":"","page_title_selector":"h1.entry-title","hello_header_width":"full-width","hello_header_background_background":"classic","hello_header_background_color":"#2A2F36","hello_footer_copyright_text":"","viewport_md":577,"viewport_lg":769,"hello_header_layout":"stacked","hello_header_background_image":{"url":"","id":"","alt":"","source":"library"},"hello_header_background_repeat":"no-repeat","hello_header_tagline_display":"","hello_header_background_position":"center center","hello_header_logo_width":{"unit":"px","size":424,"sizes":[]},"hello_header_logo_width_tablet":{"unit":"px","size":344,"sizes":[]},"hello_header_logo_width_mobile":{"unit":"px","size":200,"sizes":[]},"hello_header_menu":"2","hello_header_menu_color":"#FFFFFF","activeItemIndex":1,"body_color":"#2A2F36","body_typography_typography":"custom","body_typography_font_family":"Helvetica","body_typography_font_size":{"unit":"px","size":16,"sizes":[]},"body_typography_font_weight":"400","__globals__":{"hello_header_menu_color":"","hello_header_background_color":"globals\/colors?id=secondary","body_color":"globals\/colors?id=secondary","body_typography_typography":"globals\/typography?id=text","link_normal_color":"globals\/colors?id=secondary","link_normal_typography_typography":"globals\/typography?id=accent","hello_header_menu_typography_typography":"","h1_typography_typography":"","h2_color":"","h2_typography_typography":"","h1_color":"","link_hover_color":"globals\/colors?id=primary","link_hover_typography_typography":"globals\/typography?id=accent","h3_color":"","h3_typography_typography":""},"h1_typography_font_family":"Helvetica","h1_typography_font_size":{"unit":"px","size":32,"sizes":[]},"h1_typography_font_weight":"400","h2_typography_font_family":"Helvetica","h2_typography_font_size":{"unit":"px","size":24,"sizes":[]},"h2_typography_font_weight":"400","hello_header_menu_typography_typography":"custom","link_normal_typography_typography":"custom","link_normal_typography_font_family":"Helvetica","link_normal_typography_font_size":{"unit":"px","size":16,"sizes":[]},"link_normal_typography_font_weight":"400","link_hover_color":"#3E7B92","link_hover_typography_typography":"custom","link_hover_typography_font_family":"Helvetica","link_hover_typography_font_size":{"unit":"px","size":16,"sizes":[]},"link_hover_typography_font_weight":"400","hello_footer_tagline_display":"","hello_footer_menu_display":"","hello_footer_copyright_display":"","hello_footer_custom_width":{"unit":"px","size":1000,"sizes":[]},"h6_typography_font_family":"Helvetica","h6_typography_font_size":{"unit":"px","size":12,"sizes":[]},"h6_typography_font_weight":"400","button_background_color":"#FFFFFF","link_normal_color":"#2A2F36","h1_typography_line_height":{"unit":"px","size":44,"sizes":[]},"h2_typography_line_height":{"unit":"px","size":32,"sizes":[]},"h3_typography_font_family":"Helvetica","h3_typography_font_size":{"unit":"px","size":16,"sizes":[]},"h3_typography_font_weight":"400","space_between_widgets":{"unit":"px","size":0,"sizes":[]},"viewport_mobile":576,"viewport_tablet":768,"hello_footer_logo_display":""},"metadata":{"inline_featured_image":"0"}}